,ENSO,SOI,NAO,PDO,PNA,AMO
1951-01-01,25.24,2.5,-0.42,-1.54,-1.18,0.096
1951-02-01,25.71,1.5,0.35,-1.06,-2.11,-0.008
1951-03-01,26.9,-0.2,-1.47,-1.9,-1.09,0.006
1951-04-01,27.58,-0.5,-0.38,-0.36,0.47,0.162
1951-05-01,27.92,-1.1,-0.5,-0.25,1.19,0.166
1951-06-01,27.73,0.3,-1.35,-1.09,-0.54,0.283
1951-07-01,27.6,-1.7,1.39,0.7,-0.44,0.415
1951-08-01,27.02,-0.4,-0.41,-1.37,0.02,0.297
1951-09-01,27.23,-1.8,-1.18,-0.08,-0.08,0.243
1951-10-01,27.2,-1.6,2.54,-0.32,0.43,0.252
1951-11-01,27.25,-1.3,-0.54,-0.28,0.21,0.168
1951-12-01,26.91,-1.2,1.13,-1.68,-1.59,0.168
1952-01-01,26.67,-1.5,0.57,-2.01,-3.19,0.165
1952-02-01,26.74,-1.0,-1.38,-0.46,0.08,0.176
1952-03-01,27.17,0.9,-1.97,-0.63,-0.69,0.224
1952-04-01,27.8,-0.4,0.95,-1.05,0.89,0.184
1952-05-01,27.79,1.2,-0.99,-1.0,-0.79,0.174
1952-06-01,27.18,1.2,-0.1,-1.43,0.53,0.376
1952-07-01,26.53,0.8,-0.06,-1.25,-1.57,0.366
1952-08-01,26.3,0.1,-0.49,-0.6,0.77,0.397
1952-09-01,26.36,-0.4,-0.38,-0.89,0.4,0.355
1952-10-01,26.26,0.6,-0.28,-0.35,1.05,0.348
1952-11-01,25.92,0.0,-1.32,-0.76,0.77,0.244
1952-12-01,26.21,-2.0,-0.49,0.04,0.63,0.334
1953-01-01,26.74,0.5,-0.12,-0.57,0.18,0.258
1953-02-01,27.0,-0.8,-1.0,-0.07,1.04,0.178
1953-03-01,27.57,-0.3,-0.45,-1.12,-0.44,0.134
1953-04-01,28.04,0.3,-1.96,0.05,0.78,0.306
1953-05-01,28.28,-2.8,-0.56,0.43,1.14,0.335
1953-06-01,28.12,0.2,1.41,0.29,-1.6,0.268
1953-07-01,27.43,-0.0,0.43,0.74,0.27,0.337
1953-08-01,26.94,-2.0,-1.04,0.05,-1.15,0.251
1953-09-01,27.01,-2.1,-0.19,-0.63,-0.14,0.273
1953-10-01,26.87,0.1,1.95,-1.09,2.27,0.141
1953-11-01,26.88,-0.5,0.96,-0.03,1.57,0.237
1953-12-01,27.0,-0.8,-0.52,0.07,0.96,0.251
1954-01-01,26.98,1.1,-0.08,-1.32,-2.11,0.22
1954-02-01,27.03,-0.5,0.4,-1.61,-0.48,0.088
1954-03-01,26.9,0.4,-1.27,-0.52,-1.44,0.093
1954-04-01,26.64,1.1,1.31,-1.33,-2.86,-0.021
1954-05-01,27.12,0.8,-0.03,0.01,0.65,0.062
1954-06-01,26.8,0.2,0.06,0.97,0.09,0.092
1954-07-01,26.11,0.7,-0.57,0.43,-0.14,-0.052
1954-08-01,25.43,1.8,-2.57,0.08,-0.11,-0.022
1954-09-01,25.12,0.3,-0.28,-0.94,-0.04,-0.018
1954-10-01,25.23,0.4,1.16,0.52,0.99,-0.04
1954-11-01,25.57,0.2,0.29,0.72,1.38,-0.034
1954-12-01,25.26,2.3,0.55,-0.5,-0.82,-0.059
1955-01-01,25.61,-0.9,-2.65,0.2,-0.14,0.068
1955-02-01,25.81,3.1,-1.71,-1.52,-2.62,0.033
1955-03-01,26.22,1.1,-0.96,-1.26,-2.47,0.034
1955-04-01,26.6,-0.2,-0.6,-1.97,-0.24,0.088
1955-05-01,26.66,1.7,-0.26,-1.21,-0.42,0.169
1955-06-01,26.55,2.2,-0.8,-2.44,0.11,0.186
1955-07-01,26.15,2.6,1.78,-2.35,-1.32,0.261
1955-08-01,25.51,2.4,1.25,-2.25,-0.55,0.167
1955-09-01,25.28,2.2,0.46,-1.95,-0.22,0.195
1955-10-01,24.41,2.5,-1.09,-2.8,0.51,0.271
1955-11-01,24.25,2.0,-1.49,-3.08,-0.93,0.378
1955-12-01,24.57,1.6,0.07,-2.75,-2.37,0.249
1956-01-01,25.34,2.2,-0.76,-2.48,-2.34,0.179
1956-02-01,25.76,2.7,-1.71,-2.74,-1.69,0.087
1956-03-01,26.46,2.2,-0.46,-2.56,-0.97,0.006
1956-04-01,26.85,1.5,-1.3,-2.17,-0.17,0.056
1956-05-01,27.13,2.3,2.1,-1.41,-0.17,-0.066
1956-06-01,26.81,1.8,0.41,-1.7,-0.08,-0.272
1956-07-01,26.23,1.8,-0.72,-1.03,-1.28,-0.098
1956-08-01,25.68,2.0,-1.89,-1.16,-0.23,-0.106
1956-09-01,25.73,0.1,0.38,-0.71,0.42,-0.097
1956-10-01,25.75,2.9,1.47,-2.3,-2.16,-0.051
1956-11-01,25.56,0.2,0.4,-2.11,1.0,-0.095
1956-12-01,25.71,1.8,0.0,-1.28,-0.61,0.011
1957-01-01,26.04,1.0,0.71,-1.82,-2.18,-0.089
1957-02-01,26.54,-0.1,-0.32,-0.68,-1.89,-0.114
1957-03-01,27.46,0.3,-1.73,0.03,0.78,-0.027
1957-04-01,28.23,0.4,0.39,-0.58,-0.41,-0.082
1957-05-01,28.55,-1.1,-0.68,0.57,1.24,-0.129
1957-06-01,28.36,0.3,-0.42,1.76,0.24,-0.02
1957-07-01,28.17,0.4,-1.16,0.72,-0.11,0.032
1957-08-01,27.69,-0.8,-0.83,0.51,-0.99,0.194
1957-09-01,27.44,-1.5,-1.47,1.59,-0.22,0.213
1957-10-01,27.42,0.1,1.95,1.5,0.46,0.141
1957-11-01,27.62,-1.6,0.63,-0.32,0.49,0.076
1957-12-01,27.9,-0.5,0.02,-0.55,-0.73,0.071
1958-01-01,28.33,-3.1,-1.14,0.25,0.62,0.04
1958-02-01,28.24,-0.8,-1.64,0.62,0.36,0.18
1958-03-01,28.27,0.4,-2.46,0.25,0.18,0.336
1958-04-01,28.27,0.6,0.26,1.06,0.31,0.338
1958-05-01,28.31,-0.8,-0.17,1.28,0.66,0.193
1958-06-01,27.99,0.5,-1.08,1.33,1.48,0.213
1958-07-01,27.32,0.7,-1.69,0.89,0.74,0.156
1958-08-01,26.85,1.5,-2.13,1.06,2.13,0.152
1958-09-01,26.4,-0.5,0.08,0.29,-0.05,0.204
1958-10-01,26.45,0.1,0.68,0.01,0.34,0.143
1958-11-01,26.75,-0.7,1.59,-0.18,0.08,0.176
1958-12-01,26.62,-1.0,-0.74,0.86,0.35,0.211
1959-01-01,27.07,-1.5,-1.52,0.69,-1.54,0.091
1959-02-01,27.18,-2.3,0.33,-0.43,-1.23,0.106
1959-03-01,27.47,2.1,-0.56,-0.95,0.21,-0.036
1959-04-01,27.88,0.7,0.25,-0.02,-0.9,-0.013
1959-05-01,27.7,0.8,0.41,0.23,-0.3,-0.002
1959-06-01,27.37,-0.2,0.71,0.44,1.08,-0.068
1959-07-01,26.44,-0.4,0.77,-0.5,-0.45,-0.041
1959-08-01,26.09,-0.2,-0.05,-0.62,1.03,0.003
1959-09-01,25.92,0.0,1.0,-0.85,1.19,0.116
1959-10-01,26.24,0.8,1.48,0.52,0.23,0.103
1959-11-01,26.04,1.5,0.3,1.11,0.26,0.042
1959-12-01,26.18,1.5,0.32,0.06,0.36,0.1
1960-01-01,26.27,0.2,-2.01,0.3,-0.16,0.167
1960-02-01,26.29,0.2,-2.59,0.52,-0.22,0.207
1960-03-01,26.98,1.7,-0.93,-0.21,-0.69,0.079
1960-04-01,27.49,1.3,1.33,0.09,-0.07,0.088
1960-05-01,27.68,0.9,0.47,0.91,0.99,0.293
1960-06-01,27.24,0.2,0.1,0.64,1.2,0.31
1960-07-01,26.88,0.8,0.38,-0.27,1.11,0.261
1960-08-01,26.7,1.3,-1.93,-0.38,1.85,0.326
1960-09-01,26.44,1.1,0.53,-0.94,-0.01,0.201
1960-10-01,26.22,0.2,-1.37,0.09,0.48,0.287
1960-11-01,26.26,0.9,-0.67,-0.23,-0.52,0.241
1960-12-01,26.22,1.3,-0.03,0.17,1.15,0.128
1961-01-01,26.23,-0.4,-0.03,1.18,1.16,0.051
1961-02-01,26.56,1.5,0.07,0.43,0.17,0.071
1961-03-01,26.94,-3.0,0.17,0.09,0.28,0.139
1961-04-01,27.36,1.3,-1.83,0.34,-1.14,0.217
1961-05-01,27.75,0.5,-0.28,-0.06,-0.25,0.184
1961-06-01,27.67,0.2,1.17,-0.61,1.84,0.023
1961-07-01,26.89,0.4,-0.36,-1.22,-0.52,-0.029
1961-08-01,26.19,0.2,1.03,-1.13,0.47,0.026
1961-09-01,25.78,0.1,1.36,-2.01,1.1,-0.007
1961-10-01,25.71,-0.5,1.07,-2.28,-1.94,0.019
1961-11-01,26.07,0.9,-0.79,-1.85,-0.4,0.057
1961-12-01,25.97,2.5,-1.46,-2.69,-1.54,0.203
1962-01-01,25.96,3.3,0.2,-1.29,-0.74,0.139
1962-02-01,26.19,-0.5,0.18,-1.15,-0.54,0.142
1962-03-01,26.8,0.2,-2.99,-1.42,-0.71,0.155
1962-04-01,27.13,0.3,0.93,-0.8,-1.5,0.077
1962-05-01,27.05,1.8,-0.04,-1.22,-1.11,0.013
1962-06-01,27.08,1.2,0.47,-1.62,-0.97,-0.081
1962-07-01,26.76,0.1,-2.43,-1.46,-0.36,-0.018
1962-08-01,26.33,1.0,0.05,-0.48,0.57,-0.073
1962-09-01,25.94,0.7,-0.21,-1.58,-0.83,-0.006
1962-10-01,25.97,1.6,0.96,-1.55,1.33,0.055
1962-11-01,25.75,0.5,-0.38,-0.37,0.53,0.036
1962-12-01,25.67,0.3,-1.31,-0.96,-0.38,0.18
1963-01-01,25.77,1.7,-2.98,-0.33,0.09,0.147
1963-02-01,26.22,0.9,-1.53,-0.16,0.79,0.155
1963-03-01,27.18,1.9,-0.85,-0.54,-2.04,0.123
1963-04-01,27.78,1.3,-1.61,-0.41,-0.79,0.093
1963-05-01,27.63,0.6,2.05,-0.65,-0.95,-0.095
1963-06-01,27.62,-0.8,-0.13,-0.88,0.5,-0.058
1963-07-01,27.78,-0.2,-0.74,-1.0,-1.1,-0.046
1963-08-01,27.48,0.0,-0.95,-1.03,-1.01,-0.084
1963-09-01,27.4,-1.0,1.89,0.45,0.87,-0.213
1963-10-01,27.36,-2.0,1.53,-0.52,0.93,-0.082
1963-11-01,27.47,-1.4,-1.47,-2.08,-0.31,-0.068
1963-12-01,27.62,-2.0,-1.87,-1.08,1.46,-0.071
1964-01-01,27.34,-0.6,-1.62,0.01,-0.44,-0.086
1964-02-01,27.13,0.1,-2.06,-0.21,1.36,0.01
1964-03-01,27.02,1.9,-1.66,-0.87,-1.31,0.028
1964-04-01,26.95,1.8,0.25,-1.03,-1.3,-0.157
1964-05-01,26.82,0.4,0.53,-1.91,-2.27,0.03
1964-06-01,26.59,1.2,1.61,-0.32,0.27,-0.007
1964-07-01,26.33,0.9,1.92,-0.51,0.2,-0.155
1964-08-01,25.6,2.5,-2.4,-1.03,0.83,-0.245
1964-09-01,25.32,2.1,0.34,-0.68,0.92,-0.231
1964-10-01,25.37,2.2,1.32,-0.37,0.8,-0.282
1964-11-01,25.26,0.3,-0.14,-0.8,-0.78,-0.177
1964-12-01,25.23,-0.5,-0.23,-1.52,-2.03,-0.132
1965-01-01,25.66,-0.7,-0.65,-1.24,-0.92,-0.21
1965-02-01,26.19,0.7,-2.2,-1.16,-1.03,-0.188
1965-03-01,26.94,1.2,-1.99,0.04,-0.8,-0.089
1965-04-01,27.38,-0.9,0.64,0.62,-1.07,-0.108
1965-05-01,27.99,0.3,-0.52,-0.66,-0.42,-0.11
1965-06-01,28.09,-0.9,0.6,-0.8,1.89,-0.138
1965-07-01,27.9,-3.0,0.35,-0.47,-1.26,-0.199
1965-08-01,27.97,-1.1,0.45,0.2,0.32,-0.221
1965-09-01,28.01,-2.2,0.51,0.59,0.36,-0.233
1965-10-01,28.17,-1.5,0.92,-0.36,1.42,-0.259
1965-11-01,28.12,-2.4,-1.88,-0.59,-0.81,-0.288
1965-12-01,27.96,0.3,1.18,0.06,-1.56,-0.135
1966-01-01,27.67,-2.2,-2.54,-0.82,-0.15,-0.087
1966-02-01,27.55,-0.4,-2.02,-0.03,-2.05,-0.001
1966-03-01,28.21,-1.5,0.18,-1.29,0.43,-0.021
1966-04-01,28.16,-0.3,-0.96,0.06,-0.54,0.032
1966-05-01,27.55,-0.7,0.25,-0.53,-0.15,-0.01
1966-06-01,27.64,0.5,1.37,0.16,0.1,-0.057
1966-07-01,27.33,0.1,0.35,0.26,-1.18,-0.067
1966-08-01,26.48,1.1,-2.39,-0.35,1.26,-0.055
1966-09-01,26.27,-0.4,-0.29,-0.33,0.63,-0.012
1966-10-01,26.22,-0.2,-0.23,-1.17,-0.61,0.002
1966-11-01,26.23,-0.0,-0.18,-1.15,-1.96,-0.009
1966-12-01,26.03,-0.6,0.58,-0.32,-0.21,0.068
1967-01-01,25.88,2.8,-1.55,-0.2,-1.16,0.07
1967-02-01,26.11,2.8,-0.23,-0.18,-0.2,0.076
1967-03-01,26.5,2.0,1.18,-1.2,-2.25,-0.046
1967-04-01,26.74,-0.1,0.05,-0.89,-1.91,-0.027
1967-05-01,27.35,-0.0,-0.87,-1.24,-0.8,-0.199
1967-06-01,27.47,1.1,1.72,-1.16,-0.33,-0.273
1967-07-01,26.97,0.3,0.44,-0.89,-1.24,-0.242
1967-08-01,26.44,1.2,1.73,-1.24,-0.35,-0.177
1967-09-01,25.86,0.8,1.05,-0.72,0.11,-0.109
1967-10-01,25.97,0.1,0.59,-0.64,1.1,-0.112
1967-11-01,26.08,-0.7,0.5,-0.05,-0.35,-0.246
1967-12-01,25.95,-0.9,-0.51,-0.4,-1.12,-0.165
1968-01-01,25.69,0.9,-0.36,-0.95,-1.78,-0.259
1968-02-01,25.68,2.1,-1.91,-0.4,1.11,-0.21
1968-03-01,26.33,0.2,0.02,-0.31,0.13,-0.221
1968-04-01,27.1,0.0,-1.32,-1.03,-1.11,-0.168
1968-05-01,27.19,2.1,-1.58,-0.53,0.23,-0.136
1968-06-01,27.88,1.8,0.64,-0.35,-0.08,-0.275
1968-07-01,27.58,1.1,-0.77,0.53,-0.04,-0.242
1968-08-01,27.01,0.4,-0.97,0.19,1.3,-0.226
1968-09-01,26.72,-0.4,-1.73,0.06,-0.87,-0.162
1968-10-01,26.75,-0.1,-1.99,-0.34,0.45,-0.126
1968-11-01,27.2,-0.6,-1.11,-0.44,0.83,-0.12
1968-12-01,27.27,0.3,-1.39,-1.27,-1.74,-0.139
1969-01-01,27.5,-2.4,-1.48,-1.26,-2.96,-0.075
1969-02-01,27.86,-0.9,-2.2,-0.95,-1.97,0.092
1969-03-01,27.82,0.7,-2.04,-0.5,0.47,0.194
1969-04-01,28.13,-0.6,1.52,-0.44,0.48,0.136
1969-05-01,28.29,-0.4,0.56,-0.2,1.02,-0.002
1969-06-01,27.69,0.3,0.86,0.89,2.11,0.016
1969-07-01,27.08,-0.8,0.6,0.1,0.51,0.081
1969-08-01,27.02,-0.2,-1.99,-0.81,-0.69,-0.114
1969-09-01,27.15,-1.6,2.17,-0.66,1.31,-0.12
1969-10-01,27.34,-1.5,1.23,1.12,0.55,-0.198
1969-11-01,27.1,-0.1,-1.14,0.15,0.13,-0.137
1969-12-01,26.98,0.7,-0.35,1.38,1.53,-0.044
1970-01-01,26.83,-1.9,-2.26,0.61,0.12,-0.023
1970-02-01,26.95,-1.7,0.28,0.43,1.01,-0.061
1970-03-01,27.14,1.0,-1.41,1.33,0.49,0.006
1970-04-01,27.74,-0.1,-1.56,0.43,-0.66,0.007
1970-05-01,27.63,0.6,1.11,-0.49,-0.5,-0.059
1970-06-01,27.04,1.6,1.87,0.06,0.23,-0.195
1970-07-01,26.21,-0.6,0.13,-0.68,0.74,-0.213
1970-08-01,25.6,1.0,0.0,-1.63,-0.6,-0.153
1970-09-01,25.65,1.9,0.06,-1.67,-0.39,-0.151
1970-10-01,25.6,1.7,-0.49,-1.39,-0.95,-0.209
1970-11-01,25.57,2.6,-0.76,-0.8,-1.15,-0.253
1970-12-01,25.27,3.2,-1.2,-0.97,-1.09,-0.222
1971-01-01,24.81,0.6,-1.82,-1.9,-2.43,-0.259
1971-02-01,25.18,3.3,-0.17,-1.74,-0.16,-0.305
1971-03-01,25.92,3.8,-1.28,-1.68,-0.28,-0.323
1971-04-01,26.63,2.8,-0.41,-1.59,0.23,-0.426
1971-05-01,26.95,1.4,0.51,-1.55,1.09,-0.339
1971-06-01,26.6,0.7,-1.28,-1.55,0.51,-0.376
1971-07-01,26.13,0.4,0.27,-2.2,-1.74,-0.362
1971-08-01,25.75,2.5,1.87,-0.15,-0.81,-0.448
1971-09-01,25.72,2.3,0.53,0.21,0.15,-0.379
1971-10-01,25.47,2.8,1.14,-0.22,-1.35,-0.248
1971-11-01,25.56,0.9,-0.34,-1.25,-0.26,-0.256
1971-12-01,25.37,0.4,0.47,-1.87,-1.76,-0.321
1972-01-01,25.62,0.8,-0.19,-1.99,-2.46,-0.331
1972-02-01,26.3,1.8,-0.08,-1.83,-2.27,-0.393
1972-03-01,27.09,1.1,0.35,-2.09,-0.1,-0.452
1972-04-01,27.89,-0.2,-0.38,-1.65,-1.95,-0.339
1972-05-01,28.32,-2.6,0.93,-1.57,0.21,-0.482
1972-06-01,28.18,-0.9,1.19,-1.87,-0.15,-0.501
1972-07-01,28.14,-2.4,0.21,-0.83,-1.13,-0.388
1972-08-01,27.95,-0.8,1.57,0.25,-0.04,-0.396
1972-09-01,27.95,-2.2,0.03,0.17,0.13,-0.316
1972-10-01,28.26,-1.5,1.7,0.11,-1.49,-0.299
1972-11-01,28.61,-0.6,0.43,0.57,0.53,-0.29
1972-12-01,28.69,-2.1,0.09,-0.33,-0.86,-0.364
1973-01-01,28.34,-0.5,-0.46,-0.46,-0.88,-0.387
1973-02-01,27.95,-2.3,0.52,-0.61,-0.14,-0.406
1973-03-01,27.55,1.2,-0.09,-0.5,0.53,-0.357
1973-04-01,27.24,0.1,-0.73,-0.69,0.11,-0.277
1973-05-01,26.96,0.7,-0.36,-0.76,0.67,-0.182
1973-06-01,26.55,1.8,0.7,-0.97,1.01,-0.188
1973-07-01,25.76,1.0,0.6,-0.57,-0.26,-0.117
1973-08-01,25.22,2.1,-0.2,-1.14,-0.95,-0.146
1973-09-01,25.06,2.0,-0.15,-0.51,-0.27,-0.144
1973-10-01,24.73,1.3,-0.84,-0.87,-0.74,-0.229
1973-11-01,24.33,4.3,-1.11,-1.81,-1.66,-0.222
1973-12-01,24.33,3.0,0.21,-0.76,0.23,-0.251
1974-01-01,24.46,4.0,1.05,-1.22,-1.54,-0.289
1974-02-01,25.1,3.4,-0.6,-1.65,-1.5,-0.296
1974-03-01,25.84,4.0,-0.43,-0.9,-1.1,-0.414
1974-04-01,26.46,1.6,0.41,-0.52,-0.73,-0.536
1974-05-01,26.64,1.6,-0.17,-0.28,-0.4,-0.513
1974-06-01,26.53,0.7,0.17,-0.31,-1.36,-0.46
1974-07-01,26.39,1.9,-0.73,-0.08,-0.09,-0.528
1974-08-01,26.33,1.3,-0.95,0.27,0.9,-0.481
1974-09-01,26.08,1.8,0.95,0.44,0.35,-0.519
1974-10-01,25.78,1.5,1.04,-0.1,0.93,-0.521
1974-11-01,25.61,-0.2,-0.7,0.43,0.53,-0.439
1974-12-01,25.63,0.3,1.3,-0.12,0.38,-0.374
1975-01-01,26.09,-0.8,0.17,-0.84,-1.2,-0.286
1975-02-01,26.07,1.3,-1.15,-0.71,-0.51,-0.351
1975-03-01,26.19,2.6,-1.04,-0.51,-0.81,-0.322
1975-04-01,26.86,1.9,-1.89,-1.3,-0.67,-0.358
1975-05-01,26.8,1.1,-0.43,-1.02,0.6,-0.401
1975-06-01,26.23,2.1,-0.54,-1.16,-0.31,-0.308
1975-07-01,25.9,3.1,1.57,-0.4,-1.53,-0.285
1975-08-01,25.33,3.3,-0.46,-1.07,-1.1,-0.198
1975-09-01,25.05,3.4,1.67,-1.23,-0.23,-0.349
1975-10-01,24.89,2.8,-0.08,-1.29,-0.65,-0.367
1975-11-01,25.05,1.9,0.3,-2.08,-0.63,-0.354
1975-12-01,24.67,3.5,-0.09,-1.61,-0.16,-0.335
1976-01-01,24.54,2.3,-0.8,-1.14,-0.25,-0.398
1976-02-01,25.49,2.8,0.61,-1.85,-2.38,-0.454
1976-03-01,26.46,2.9,0.38,-0.96,-1.78,-0.507
1976-04-01,26.88,0.5,0.14,-0.89,0.92,-0.439
1976-05-01,27.2,0.6,0.94,-0.68,0.58,-0.501
1976-06-01,27.35,0.4,1.11,-0.67,-1.32,-0.497
1976-07-01,27.13,-1.4,-0.29,0.61,-0.12,-0.32
1976-08-01,26.98,-1.3,2.34,1.28,-0.62,-0.198
1976-09-01,27.02,-1.9,-1.11,0.82,-0.04,-0.206
1976-10-01,27.46,0.7,0.42,1.11,0.91,-0.306
1976-11-01,27.41,1.2,0.04,1.25,1.72,-0.429
1976-12-01,27.09,-0.6,-1.57,1.22,0.21,-0.445
1977-01-01,27.32,-0.7,-1.72,1.65,1.6,-0.402
1977-02-01,27.13,2.0,-1.0,1.11,2.43,-0.346
1977-03-01,27.47,-0.9,-1.25,0.72,-0.69,-0.196
1977-04-01,27.44,-0.7,0.56,0.3,-0.32,-0.23
1977-05-01,27.72,-0.8,-0.75,0.31,-0.56,-0.183
1977-06-01,27.74,-1.5,-0.27,0.42,0.57,-0.12
1977-07-01,27.38,-1.9,-0.42,0.19,-1.04,-0.119
1977-08-01,26.85,-1.3,-0.49,0.64,2.2,-0.158
1977-09-01,27.12,-1.3,0.51,-0.55,-0.72,-0.245
1977-10-01,27.35,-1.7,1.08,-0.61,1.25,-0.237
1977-11-01,27.19,-2.1,-0.21,-0.72,-0.22,-0.156
1977-12-01,27.29,-1.7,-1.02,-0.69,-0.8,-0.218
1978-01-01,27.17,-0.5,0.26,0.34,0.13,-0.119
1978-02-01,27.0,-4.4,-2.94,1.45,1.4,-0.16
1978-03-01,27.09,-0.3,0.33,1.34,-0.18,-0.171
1978-04-01,27.12,-0.5,-1.42,1.29,-0.19,-0.208
1978-05-01,27.2,2.2,1.05,0.9,-0.73,-0.217
1978-06-01,27.02,1.1,1.7,0.15,-0.92,-0.346
1978-07-01,26.74,0.9,-1.11,-1.24,-2.43,-0.289
1978-08-01,26.07,0.7,0.7,-0.56,0.02,-0.24
1978-09-01,26.01,0.1,0.6,-0.44,1.38,-0.203
1978-10-01,26.25,-0.6,2.61,0.1,0.69,-0.22
1978-11-01,26.33,-0.0,3.06,-0.07,-0.48,-0.132
1978-12-01,26.54,-0.1,-1.54,-0.43,-1.02,-0.195
1979-01-01,26.41,-0.7,-2.12,-0.58,-1.54,-0.205
1979-02-01,26.53,1.6,-1.2,-1.33,-2.73,-0.164
1979-03-01,27.27,0.2,0.41,0.3,0.08,-0.241
1979-04-01,27.83,-0.2,-2.01,0.89,-0.15,-0.25
1979-05-01,27.69,0.8,-0.9,1.09,1.27,-0.13
1979-06-01,27.43,1.1,1.92,0.17,-1.64,-0.055
1979-07-01,26.82,2.2,0.86,0.84,0.51,-0.107
1979-08-01,26.75,-0.3,1.11,0.52,0.67,-0.128
1979-09-01,26.99,0.2,1.13,1.0,1.02,-0.122
1979-10-01,26.83,-0.2,0.18,1.06,1.85,-0.1
1979-11-01,26.99,-0.7,0.42,0.48,0.51,-0.098
1979-12-01,27.11,-1.2,0.84,-0.42,-0.68,-0.072
1980-01-01,27.08,0.7,-1.38,-0.11,-1.01,-0.014
1980-02-01,26.97,0.5,-0.39,1.32,2.03,-0.091
1980-03-01,27.31,-0.7,-0.73,1.09,-0.64,-0.151
1980-04-01,27.75,-1.0,1.26,1.49,1.66,-0.013
1980-05-01,28.01,-0.0,-1.34,1.2,-0.16,0.117
1980-06-01,27.94,-0.0,-0.07,-0.22,-0.81,0.096
1980-07-01,27.23,-0.1,-0.39,0.23,-0.81,0.038
1980-08-01,26.48,0.6,-3.01,0.51,-2.03,0.011
1980-09-01,26.44,-0.8,0.79,0.1,-0.08,-0.02
1980-10-01,26.46,0.0,-1.41,1.35,2.87,-0.074
1980-11-01,26.6,-0.6,-0.52,0.37,1.28,-0.209
1980-12-01,26.65,-0.1,0.63,-0.1,-0.57,-0.261
1981-01-01,26.18,0.6,-0.08,0.59,2.46,-0.189
1981-02-01,26.11,-0.3,0.6,1.46,0.21,-0.188
1981-03-01,26.64,-2.1,-1.65,0.99,1.27,-0.007
1981-04-01,27.29,-0.2,0.25,1.45,-1.23,-0.103
1981-05-01,27.36,1.3,0.24,1.75,1.83,-0.091
1981-06-01,27.27,2.0,-0.15,1.69,-0.1,-0.07
1981-07-01,26.65,1.4,0.08,0.84,-1.02,-0.102
1981-08-01,26.33,1.2,0.38,0.18,-1.54,-0.123
1981-09-01,26.53,0.5,-1.27,0.42,0.08,-0.044
1981-10-01,26.42,-0.6,-0.96,0.18,-1.43,-0.194
1981-11-01,26.29,0.3,-0.53,0.8,1.19,-0.144
1981-12-01,26.4,0.8,-0.11,0.67,-0.42,-0.014
1982-01-01,26.67,2.0,-1.55,0.34,-1.75,-0.089
1982-02-01,26.59,0.4,0.86,0.2,-1.2,-0.086
1982-03-01,27.41,1.0,0.8,0.19,-1.66,-0.088
1982-04-01,28.03,0.1,-0.04,-0.19,-2.08,-0.19
1982-05-01,28.39,-0.6,-0.44,-0.58,-0.53,-0.199
1982-06-01,28.26,-1.7,-1.34,-0.78,2.17,-0.192
1982-07-01,27.66,-2.5,1.18,0.58,0.49,-0.236
1982-08-01,27.58,-2.9,0.21,0.39,0.31,-0.317
1982-09-01,28.21,-2.9,1.86,0.84,0.83,-0.315
1982-10-01,28.71,-2.8,-0.29,0.37,-0.86,-0.379
1982-11-01,28.62,-4.3,1.55,-0.25,-0.47,-0.425
1982-12-01,28.8,-3.7,1.56,0.26,0.45,-0.388
1983-01-01,28.89,-5.8,1.34,0.56,0.87,-0.306
1983-02-01,28.69,-6.0,-1.04,1.14,1.44,-0.112
1983-03-01,28.66,-4.0,0.59,2.11,2.03,0.073
1983-04-01,28.77,-1.5,-1.07,1.87,0.98,0.051
1983-05-01,28.84,1.0,-0.01,1.8,-0.08,-0.056
1983-06-01,28.27,0.1,1.31,2.36,2.1,-0.062
1983-07-01,27.18,-1.0,1.22,3.51,0.82,-0.023
1983-08-01,26.59,0.2,1.95,1.85,0.5,-0.166
1983-09-01,26.2,1.4,-0.95,0.91,-1.37,-0.224
1983-10-01,25.56,0.7,1.22,0.96,0.26,-0.203
1983-11-01,25.41,-0.2,-1.16,1.02,1.75,-0.166
1983-12-01,25.57,0.0,0.18,1.69,-0.61,-0.011
1984-01-01,25.88,0.3,1.42,1.5,0.6,-0.114
1984-02-01,26.56,1.4,0.37,1.21,0.73,-0.096
1984-03-01,26.77,-0.4,-0.79,1.77,1.08,-0.133
1984-04-01,27.14,0.6,-0.45,1.52,1.41,-0.165
1984-05-01,27.2,0.3,0.55,1.3,0.37,-0.174
1984-06-01,26.83,-0.6,-0.12,0.18,-0.36,-0.333
1984-07-01,26.79,0.3,-0.04,-0.18,-2.61,-0.274
1984-08-01,26.61,0.7,1.35,-0.03,-1.14,-0.234
1984-09-01,26.38,0.2,0.31,0.67,-0.02,-0.217
1984-10-01,26.04,-0.5,0.43,0.58,-0.53,-0.352
1984-11-01,25.52,0.4,-0.2,0.71,0.39,-0.432
1984-12-01,25.25,-0.2,-0.09,0.82,-1.9,-0.326
1985-01-01,25.38,-0.5,-2.38,1.27,1.44,-0.363
1985-02-01,26.03,2.0,-1.0,0.94,-0.99,-0.338
1985-03-01,26.5,1.3,-0.19,0.57,-1.19,-0.365
1985-04-01,26.64,1.9,0.2,0.19,-1.27,-0.409
1985-05-01,26.9,0.7,-0.4,0.0,-0.82,-0.346
1985-06-01,26.81,-0.6,-0.5,0.18,1.28,-0.136
1985-07-01,26.56,-0.2,1.25,1.07,-0.19,-0.161
1985-08-01,26.3,1.6,-0.74,0.81,-0.53,-0.29
1985-09-01,26.02,0.0,-0.36,0.44,-0.63,-0.256
1985-10-01,26.23,-0.6,1.49,0.29,-1.5,-0.254
1985-11-01,26.33,-0.3,-0.84,-0.75,-1.83,-0.304
1985-12-01,26.19,0.4,0.11,0.38,1.08,-0.345
1986-01-01,25.89,1.6,0.78,1.12,0.6,-0.352
1986-02-01,26.05,-1.7,-1.58,1.61,0.41,-0.284
1986-03-01,26.87,0.8,1.39,2.18,0.51,-0.301
1986-04-01,27.49,0.5,-0.79,1.55,-0.15,-0.333
1986-05-01,27.4,-0.4,0.84,1.16,-0.03,-0.237
1986-06-01,27.42,1.6,1.54,0.89,0.39,-0.27
1986-07-01,27.18,0.5,0.15,1.38,-0.35,-0.258
1986-08-01,27.17,-0.6,-1.53,0.22,-1.49,-0.281
1986-09-01,27.24,-0.8,-0.95,0.22,-0.28,-0.229
1986-10-01,27.53,1.1,2.2,1.0,1.18,-0.327
1986-11-01,27.71,-2.0,2.27,1.77,-0.71,-0.406
1986-12-01,27.72,-2.4,0.83,1.77,1.06,-0.38
1987-01-01,27.68,-1.1,-1.85,1.88,0.63,-0.287
1987-02-01,27.88,-2.1,-1.27,1.75,0.57,-0.227
1987-03-01,28.27,-2.1,-0.26,2.1,0.85,-0.042
1987-04-01,28.39,-2.3,2.03,2.16,1.54,0.02
1987-05-01,28.56,-2.1,0.96,1.85,-1.02,0.059
1987-06-01,28.65,-1.8,-1.53,0.73,0.56,0.194
1987-07-01,28.59,-2.2,0.55,2.01,-0.43,0.27
1987-08-01,28.42,-1.5,-1.19,2.83,0.74,0.27
1987-09-01,28.36,-1.7,-1.04,2.44,-2.6,0.185
1987-10-01,27.96,-0.6,0.66,1.36,0.75,0.037
1987-11-01,27.77,-0.0,0.06,1.47,1.19,-0.079
1987-12-01,27.54,-0.8,0.21,1.27,0.5,0.034
1988-01-01,27.45,-0.2,0.68,0.93,0.03,-0.051
1988-02-01,27.03,-0.6,0.42,1.24,1.37,-0.126
1988-03-01,27.38,1.1,-0.58,1.42,0.38,-0.021
1988-04-01,27.38,0.2,-1.42,0.94,1.12,0.04
1988-05-01,26.68,1.5,0.64,1.2,0.61,0.126
1988-06-01,25.99,0.1,1.19,0.74,1.31,0.154
1988-07-01,25.56,1.7,-0.32,0.64,1.6,0.098
1988-08-01,25.66,2.5,-0.07,0.19,-0.62,-0.02
1988-09-01,25.72,3.0,-0.82,-0.37,-0.97,-0.107
1988-10-01,24.82,2.3,-0.66,-0.1,0.89,-0.183
1988-11-01,24.65,2.8,-0.49,-0.02,0.11,-0.16
1988-12-01,24.63,2.0,0.48,-0.43,0.33,-0.177
1989-01-01,24.58,2.5,0.85,-0.95,-1.57,-0.234
1989-02-01,25.28,2.0,1.82,-1.02,-1.71,-0.169
1989-03-01,26.08,1.8,1.54,-0.83,-1.56,-0.266
1989-04-01,26.74,2.7,0.16,-0.32,-0.77,-0.302
1989-05-01,27.06,2.0,1.33,0.47,-0.04,-0.16
1989-06-01,27.14,1.2,0.03,0.36,-0.56,0.078
1989-07-01,26.72,1.5,1.0,0.83,-0.59,0.164
1989-08-01,26.33,-0.5,-0.11,0.09,-0.27,0.1
1989-09-01,26.42,0.8,2.15,0.05,0.41,-0.108
1989-10-01,26.32,1.3,0.48,-0.12,-1.08,-0.136
1989-11-01,26.25,-0.4,0.03,-0.5,-0.7,-0.163
1989-12-01,26.46,-0.9,-1.15,-0.21,0.57,-0.166
1990-01-01,26.56,-0.1,0.7,-0.3,-1.09,-0.312
1990-02-01,26.96,-3.0,1.16,-0.65,-2.78,-0.175
1990-03-01,27.33,-0.7,1.13,-0.62,0.04,-0.192
1990-04-01,27.9,0.3,2.03,0.27,-0.62,-0.131
1990-05-01,28.02,2.0,-1.37,0.44,0.27,-0.072
1990-06-01,27.64,0.5,0.29,0.44,-1.39,-0.07
1990-07-01,27.38,0.9,0.56,0.27,-0.26,-0.035
1990-08-01,27.07,-0.3,1.12,0.11,1.76,0.039
1990-09-01,26.94,-1.2,1.18,0.38,-0.46,0.133
1990-10-01,26.93,0.4,0.76,-0.69,-0.91,0.099
1990-11-01,26.81,-0.8,-0.39,-1.69,-1.66,-0.067
1990-12-01,26.95,-0.4,0.11,-2.23,-1.62,-0.05
1991-01-01,27.03,1.0,0.49,-2.02,0.2,-0.209
1991-02-01,27.07,0.4,0.74,-1.19,1.13,-0.131
1991-03-01,27.32,-1.1,-0.61,-0.74,-1.21,-0.083
1991-04-01,28.01,-1.0,0.17,-1.01,0.38,-0.147
1991-05-01,28.2,-1.7,0.12,-0.51,-0.63,-0.168
1991-06-01,28.25,-0.2,-0.52,-1.47,-0.92,-0.144
1991-07-01,28.05,0.0,-0.46,-0.1,0.28,-0.122
1991-08-01,27.53,-0.7,1.46,0.36,-0.28,-0.123
1991-09-01,27.14,-2.5,0.61,0.65,1.15,-0.052
1991-10-01,27.58,-1.7,0.3,0.49,-2.35,-0.277
1991-11-01,27.9,-1.1,0.37,0.42,0.22,-0.276
1991-12-01,28.29,-2.9,0.34,0.09,0.17,-0.229
1992-01-01,28.38,-4.7,-0.66,0.05,0.99,-0.205
1992-02-01,28.53,-1.5,0.77,0.31,0.09,-0.109
1992-03-01,28.66,-3.3,0.51,0.67,0.46,-0.108
1992-04-01,29.02,-1.7,1.88,0.75,-0.29,-0.199
1992-05-01,28.98,0.4,2.49,1.54,1.2,-0.237
1992-06-01,28.3,-1.0,0.51,1.26,1.36,-0.166
1992-07-01,27.51,-1.0,0.19,1.9,0.38,-0.235
1992-08-01,26.91,0.6,0.97,1.44,-0.37,-0.396
1992-09-01,26.65,0.1,-0.28,0.83,-1.13,-0.385
1992-10-01,26.42,-2.3,-1.4,0.93,0.4,-0.316
1992-11-01,26.42,-1.1,1.12,0.93,0.8,-0.35
1992-12-01,26.44,-0.9,0.35,0.53,-1.53,-0.3
1993-01-01,26.69,-1.5,1.35,0.05,-1.48,-0.256
1993-02-01,27.16,-1.2,0.12,0.19,0.44,-0.202
1993-03-01,27.67,-0.8,0.3,0.76,0.94,-0.26
1993-04-01,28.41,-1.9,0.91,1.21,1.26,-0.189
1993-05-01,28.71,-0.6,-0.67,2.13,2.43,-0.18
1993-06-01,28.08,-1.4,-0.29,2.34,0.66,-0.197
1993-07-01,27.52,-1.3,-3.14,2.35,-0.28,-0.293
1993-08-01,26.99,-1.6,0.03,2.69,-0.17,-0.245
1993-09-01,27.07,-1.2,-0.41,1.56,-0.97,-0.181
1993-10-01,26.77,-1.8,-0.26,1.41,-0.17,-0.259
1993-11-01,26.71,-0.1,2.56,1.24,-0.35,-0.335
1993-12-01,26.76,0.3,1.36,1.07,0.42,-0.31
1994-01-01,26.64,-0.2,0.7,1.21,-0.8,-0.313
1994-02-01,26.81,0.4,0.08,0.59,-1.27,-0.326
1994-03-01,27.39,-1.1,0.92,0.8,0.23,-0.296
1994-04-01,28.08,-2.1,1.1,1.05,-0.7,-0.217
1994-05-01,28.24,-1.1,-0.48,1.23,0.48,-0.224
1994-06-01,28.04,-0.7,1.84,0.46,-1.36,-0.239
1994-07-01,27.54,-2.2,1.34,0.06,-0.06,-0.248
1994-08-01,27.38,-2.0,0.36,-0.79,-1.38,-0.252
1994-09-01,27.2,-2.6,-1.14,-1.36,-2.02,-0.169
1994-10-01,27.47,-1.9,-0.54,-1.32,-0.09,-0.076
1994-11-01,27.81,-0.9,0.54,-1.96,-1.61,-0.037
1994-12-01,27.85,-2.0,1.78,-1.79,0.39,-0.108
1995-01-01,27.57,-0.7,0.57,-0.49,0.2,-0.08
1995-02-01,27.49,-0.2,0.85,0.46,0.68,-0.057
1995-03-01,27.75,1.2,0.91,0.75,0.03,-0.001
1995-04-01,28.1,-1.1,-1.07,0.83,0.04,0.058
1995-05-01,27.82,-0.6,-1.33,1.46,0.09,0.254
1995-06-01,27.59,0.2,0.44,1.27,0.9,0.346
1995-07-01,27.08,0.7,-0.19,1.71,-0.74,0.296
1995-08-01,26.23,0.5,0.76,0.21,-0.33,0.165
1995-09-01,25.88,0.4,0.45,1.16,1.22,0.036
1995-10-01,25.84,0.0,0.72,0.47,0.11,0.084
1995-11-01,25.6,0.1,-1.59,-0.28,-0.73,0.109
1995-12-01,25.65,-0.8,-1.64,0.16,0.62,0.024
1996-01-01,25.69,1.6,-0.65,0.59,-0.68,-0.028
1996-02-01,25.89,0.4,-0.52,0.75,-0.7,-0.05
1996-03-01,26.67,1.9,-0.66,1.01,-0.75,-0.075
1996-04-01,27.35,1.3,-0.33,1.46,0.51,-0.008
1996-05-01,27.55,0.5,-0.93,2.18,0.37,-0.083
1996-06-01,27.29,1.9,0.87,1.1,-1.18,-0.141
1996-07-01,26.85,1.1,0.7,0.77,0.18,-0.123
1996-08-01,26.64,1.2,1.19,-0.14,-0.93,-0.026
1996-09-01,26.27,1.0,-0.69,0.24,-0.27,-0.02
1996-10-01,26.27,1.0,0.15,-0.33,-0.67,-0.163
1996-11-01,26.29,-0.1,-0.72,0.09,-0.44,-0.192
1996-12-01,25.95,1.5,-1.4,-0.03,-1.53,-0.173
1997-01-01,26.01,0.8,-1.08,0.23,0.16,-0.109
1997-02-01,26.38,2.9,1.48,0.28,0.45,-0.054
1997-03-01,27.04,-0.7,1.13,0.65,-1.56,-0.013
1997-04-01,27.98,-1.0,-1.25,1.05,0.29,-0.011
1997-05-01,28.58,-2.2,-0.21,1.83,0.77,0.021
1997-06-01,28.82,-2.3,-1.17,2.76,-0.25,-0.01
1997-07-01,28.86,-1.2,0.37,2.35,0.1,0.042
1997-08-01,28.75,-2.4,0.94,2.79,-0.55,-0.003
1997-09-01,28.85,-2.4,0.74,2.19,0.22,0.091
1997-10-01,29.08,-2.4,-1.34,1.61,-0.12,0.132
1997-11-01,29.12,-2.0,-1.08,1.12,0.86,0.033
1997-12-01,28.89,-1.6,-0.98,0.67,0.85,0.113
1998-01-01,28.93,-4.4,-0.05,0.83,0.3,0.112
1998-02-01,28.78,-3.4,-0.57,1.56,0.89,0.273
1998-03-01,28.62,-4.0,0.51,2.01,0.69,0.303
1998-04-01,28.6,-2.4,-0.88,1.27,0.85,0.273
1998-05-01,28.51,0.4,-1.17,0.7,-1.87,0.365
1998-06-01,27.34,1.6,-2.44,0.4,0.09,0.471
1998-07-01,26.3,2.0,-0.45,-0.04,1.67,0.469
1998-08-01,25.57,1.9,-0.15,-0.22,-0.6,0.494
1998-09-01,25.46,1.7,-1.8,-1.21,0.42,0.394
1998-10-01,25.25,1.8,0.2,-1.39,0.77,0.363
1998-11-01,25.24,1.7,-0.43,-0.52,0.7,0.298
1998-12-01,24.91,2.3,0.72,-0.44,-0.39,0.261
1999-01-01,24.86,3.0,0.39,-0.32,-0.44,0.032
1999-02-01,25.43,1.6,-0.11,-0.66,-0.46,0.039
1999-03-01,26.33,2.1,-0.16,-0.33,0.38,0.05
1999-04-01,26.7,2.3,-1.18,-0.41,0.05,0.033
1999-05-01,26.79,0.4,0.9,-0.68,-0.05,0.144
1999-06-01,26.53,0.4,1.44,-1.3,0.43,0.161
1999-07-01,26.13,0.9,-0.87,-0.66,-0.92,0.179
1999-08-01,25.63,0.6,0.38,-0.96,1.95,0.288
1999-09-01,25.63,-0.1,0.5,-1.53,0.33,0.166
1999-10-01,25.48,1.6,0.73,-2.23,0.62,-0.002
1999-11-01,25.12,1.7,0.55,-2.05,0.45,-0.067
1999-12-01,24.86,2.4,1.4,-1.63,-0.09,-0.004
2000-01-01,24.78,1.1,0.19,-2.0,-1.7,-0.102
2000-02-01,25.21,2.7,1.48,-0.83,1.2,-0.057
2000-03-01,26.3,2.2,0.4,0.29,0.95,0.085
2000-04-01,26.95,2.0,-0.18,0.35,-0.58,0.023
2000-05-01,27.07,0.6,1.52,-0.05,-0.16,0.086
2000-06-01,26.94,-0.3,0.28,-0.44,-1.19,-0.037
2000-07-01,26.63,-0.3,-1.0,-0.66,-2.55,0.053
2000-08-01,26.37,1.2,-0.5,-1.19,-0.51,0.084
2000-09-01,26.2,1.4,-0.06,-1.24,-1.21,0.083
2000-10-01,26.02,1.8,1.51,-1.3,0.44,-0.059
2000-11-01,25.92,3.0,-1.1,-0.53,0.7,-0.072
2000-12-01,25.68,1.3,-0.63,0.52,0.92,-0.146
2001-01-01,25.81,1.6,-0.22,0.6,1.29,-0.146
2001-02-01,26.12,2.8,0.07,0.29,-0.51,-0.046
2001-03-01,26.8,1.5,-1.73,0.45,0.39,-0.005
2001-04-01,27.33,0.3,-0.15,-0.31,-0.7,-0.031
2001-05-01,27.6,-0.8,0.03,-0.3,-0.01,-0.028
2001-06-01,27.54,0.5,0.11,-0.47,-0.89,0.179
2001-07-01,27.25,-0.3,-0.22,-1.31,-0.36,0.116
2001-08-01,26.8,-0.7,-0.22,-0.77,-0.14,0.158
2001-09-01,26.52,0.3,-0.49,-1.37,0.04,0.267
2001-10-01,26.57,-0.1,0.25,-1.37,-0.08,0.232
2001-11-01,26.33,1.1,0.53,-1.26,1.03,0.137
2001-12-01,26.19,-1.4,-0.86,-0.93,0.26,0.194
2002-01-01,26.39,0.7,0.0,0.27,-0.7,0.162
2002-02-01,26.71,1.8,0.8,-0.64,-0.11,0.146
2002-03-01,27.29,-0.4,0.32,-0.43,-1.56,0.125
2002-04-01,27.84,-0.1,1.14,-0.32,-2.4,0.008
2002-05-01,28.24,-1.4,-0.15,-0.63,-0.56,-0.068
2002-06-01,28.44,-0.4,0.69,-0.35,0.06,-0.136
2002-07-01,28.03,-0.8,0.65,-0.31,0.4,-0.085
2002-08-01,27.72,-1.6,0.36,0.6,0.61,0.087
2002-09-01,27.81,-1.0,-0.54,0.43,0.6,0.06
2002-10-01,27.96,-0.6,-1.97,0.42,-0.55,0.092
2002-11-01,28.17,-0.7,-0.32,1.51,1.46,0.0
2002-12-01,27.97,-1.8,-0.96,2.1,1.28,-0.015
2003-01-01,27.15,-0.3,-0.32,2.09,1.01,0.031
2003-02-01,27.39,-1.1,0.26,1.75,0.68,-0.032
2003-03-01,27.65,-0.5,-0.07,1.51,-0.36,0.093
2003-04-01,27.68,-0.2,-0.34,1.18,-0.1,0.06
2003-05-01,27.32,-0.5,0.06,0.89,-1.85,0.132
2003-06-01,27.44,-1.0,0.24,0.68,-0.53,0.186
2003-07-01,27.5,0.5,0.16,0.96,0.73,0.257
2003-08-01,27.11,0.2,-0.22,0.88,-0.31,0.396
2003-09-01,26.99,-0.2,0.16,0.01,0.59,0.432
2003-10-01,27.14,0.0,-0.86,0.83,1.23,0.407
2003-11-01,27.04,-0.5,0.77,0.52,-1.65,0.204
2003-12-01,27.03,1.8,0.5,0.33,0.56,0.205
2004-01-01,26.81,-2.2,-0.85,0.43,-0.12,0.191
2004-02-01,26.98,2.0,-0.6,0.48,1.12,0.19
2004-03-01,27.4,0.7,0.67,0.61,-0.0,0.138
2004-04-01,27.89,-1.5,1.11,0.57,0.25,0.089
2004-05-01,28.0,1.7,0.23,0.88,-1.46,-0.014
2004-06-01,27.86,-1.4,-0.59,0.04,-0.28,0.158
2004-07-01,27.78,-0.8,1.16,0.44,-0.33,0.208
2004-08-01,27.62,-0.5,-0.74,0.85,1.52,0.297
2004-09-01,27.53,-0.6,0.52,0.75,-0.11,0.221
2004-10-01,27.44,-0.1,-0.69,-0.11,-1.37,0.222
2004-11-01,27.36,-1.1,0.63,-0.63,0.29,0.201
2004-12-01,27.34,-1.3,1.03,-0.17,-0.04,0.168
2005-01-01,27.21,0.6,1.26,0.44,-0.62,0.091
2005-02-01,27.11,-5.2,-0.51,0.81,-0.11,0.106
2005-03-01,27.73,0.5,-2.32,1.36,0.56,0.264
2005-04-01,28.08,-1.0,-0.47,1.03,1.0,0.272
2005-05-01,28.24,-1.3,-1.11,1.86,1.62,0.273
2005-06-01,27.77,0.7,0.26,1.17,0.42,0.307
2005-07-01,27.06,0.3,-0.48,0.66,-0.02,0.427
2005-08-01,26.8,-0.6,0.35,0.25,0.69,0.42
2005-09-01,26.68,0.6,0.76,-0.46,1.32,0.399
2005-10-01,26.65,2.0,-0.55,-1.32,1.16,0.218
2005-11-01,26.11,-0.3,-0.46,-1.5,-0.74,0.12
2005-12-01,25.68,-0.0,-0.5,0.2,1.07,0.196
2006-01-01,25.63,2.7,0.97,1.03,-0.1,0.104
2006-02-01,26.08,0.2,-1.02,0.66,-0.44,0.055
2006-03-01,26.57,2.9,-1.75,0.05,-0.56,0.04
2006-04-01,27.5,1.8,1.2,0.4,0.2,0.177
2006-05-01,27.85,-0.8,-1.01,0.48,-1.03,0.288
2006-06-01,27.73,-0.4,1.15,1.04,-1.02,0.313
2006-07-01,27.3,-1.0,0.93,0.35,1.29,0.354
2006-08-01,27.16,-1.7,-2.35,-0.65,-1.45,0.381
2006-09-01,27.32,-1.0,-1.43,-0.94,0.31,0.344
2006-10-01,27.41,-2.1,-1.92,-0.05,-0.76,0.314
2006-11-01,27.69,0.1,0.33,-0.22,-1.34,0.269
2006-12-01,27.74,-0.5,1.15,0.14,1.55,0.151
2007-01-01,27.24,-1.3,-0.25,0.01,0.27,0.151
2007-02-01,26.88,-0.1,-0.98,0.04,-0.42,0.197
2007-03-01,27.1,0.3,1.11,-0.36,-0.12,0.107
2007-04-01,27.5,-0.2,0.04,0.16,0.97,0.139
2007-05-01,27.46,-0.2,0.66,-0.1,0.03,0.091
2007-06-01,27.37,0.9,-1.01,0.09,-0.3,0.068
2007-07-01,26.71,-0.5,-0.55,0.78,1.65,0.109
2007-08-01,26.14,0.7,-0.31,0.5,1.96,0.035
2007-09-01,25.61,0.3,0.85,-0.36,1.52,0.078
2007-10-01,25.32,1.2,1.0,-1.45,0.77,0.138
2007-11-01,25.17,1.4,0.48,-1.08,0.65,0.156
2007-12-01,25.01,2.7,0.23,-0.58,-0.16,0.091
2008-01-01,24.86,2.9,0.53,-1.0,-1.06,0.01
2008-02-01,25.08,4.4,0.38,-0.77,0.37,0.108
2008-03-01,26.07,2.4,-0.32,-0.71,-0.61,0.138
2008-04-01,26.83,1.1,-1.31,-1.52,-1.18,0.022
2008-05-01,27.09,-0.1,-1.55,-1.37,1.25,0.152
2008-06-01,27.04,1.0,-1.09,-1.34,-1.76,0.236
2008-07-01,26.99,0.5,-1.24,-1.67,-0.51,0.186
2008-08-01,26.72,1.7,-1.62,-1.7,0.89,0.155
2008-09-01,26.47,2.0,1.14,-1.55,0.89,0.178
2008-10-01,26.37,2.1,0.47,-1.76,1.11,0.082
2008-11-01,26.25,2.2,-0.47,-1.25,1.05,-0.019
2008-12-01,25.74,2.4,-0.35,-0.87,-1.71,-0.002
2009-01-01,25.66,1.8,-0.52,-1.4,0.13,-0.079
2009-02-01,25.96,3.1,-0.38,-1.55,-1.57,-0.185
2009-03-01,26.59,0.7,0.19,-1.59,-1.29,-0.18
2009-04-01,27.47,1.3,-0.36,-1.65,-0.04,-0.151
2009-05-01,27.99,-0.2,1.61,-0.88,-0.43,-0.082
2009-06-01,28.04,0.2,-0.91,-0.31,0.48,0.101
2009-07-01,27.78,0.4,-2.11,-0.53,0.72,0.208
2009-08-01,27.42,-0.3,-0.37,0.09,0.62,0.132
2009-09-01,27.4,0.5,1.62,0.52,1.03,0.037
2009-10-01,27.6,-2.0,-0.61,0.27,0.64,0.144
2009-11-01,28.16,-1.0,-0.16,-0.4,0.19,0.049
2009-12-01,28.34,-1.2,-1.88,0.08,0.04,0.062
2010-01-01,28.07,-1.8,-1.8,0.83,0.96,0.019
2010-02-01,28.01,-2.4,-2.69,0.82,0.48,0.157
2010-03-01,28.18,-1.1,-1.33,0.44,1.68,0.267
2010-04-01,28.2,2.0,-0.93,0.78,1.26,0.405
2010-05-01,27.71,1.5,-1.33,0.62,-0.73,0.439
2010-06-01,27.04,0.6,-0.52,-0.22,-0.1,0.427
2010-07-01,26.22,3.0,-0.39,-1.05,0.89,0.429
2010-08-01,25.47,3.0,-1.69,-1.27,1.07,0.505
2010-09-01,25.12,3.7,-0.62,-1.61,1.07,0.428
2010-10-01,25.03,2.9,-0.5,-1.06,2.15,0.303
2010-11-01,25.06,2.1,-1.84,-0.82,-0.81,0.215
2010-12-01,25.0,4.8,-1.8,-1.21,-2.08,0.187
2011-01-01,25.0,3.8,-1.53,-0.92,1.0,0.123
2011-02-01,25.64,4.5,0.35,-0.83,-2.41,0.087
2011-03-01,26.36,4.2,0.24,-0.69,0.38,0.034
2011-04-01,27.05,3.1,2.55,-0.42,-1.78,0.071
2011-05-01,27.41,0.6,-0.01,-0.37,0.25,0.131
2011-06-01,27.35,0.4,-0.98,-0.69,0.35,0.157
2011-07-01,26.87,1.6,-1.48,-1.86,-0.75,0.071
2011-08-01,26.21,0.7,-1.85,-1.74,1.4,0.126
2011-09-01,25.92,1.7,0.67,-1.79,-0.39,0.123
2011-10-01,25.67,1.2,0.94,-1.34,0.86,0.042
2011-11-01,25.52,1.8,1.3,-2.33,-0.76,-0.092
2011-12-01,25.54,4.1,2.25,-1.79,0.06,-0.066
2012-01-01,25.67,1.8,0.86,-1.38,0.13,-0.086
2012-02-01,26.08,0.8,0.03,-0.85,0.7,-0.017
2012-03-01,26.67,1.2,0.93,-1.05,-0.19,0.005
2012-04-01,27.32,-0.4,0.37,-0.27,-0.09,0.059
2012-05-01,27.61,0.1,-0.79,-1.26,-0.29,0.143
2012-06-01,27.75,-0.7,-2.25,-0.87,-0.42,0.279
2012-07-01,27.54,-0.1,-1.29,-1.52,-0.57,0.354
2012-08-01,27.32,-0.3,-1.39,-1.93,-0.2,0.41
2012-09-01,27.1,0.4,-0.43,-2.21,-0.39,0.427
2012-10-01,26.98,0.5,-1.73,-0.79,-1.13,0.308
2012-11-01,26.86,0.4,-0.74,-0.59,-1.06,0.144
2012-12-01,26.34,-1.0,0.07,-0.48,-1.31,0.12
2013-01-01,26.01,-0.1,-0.11,-0.13,0.05,0.107
2013-02-01,26.24,-0.4,-0.96,-0.43,0.3,0.094
2013-03-01,27.03,2.5,-2.09,-0.63,-0.26,0.137
2013-04-01,27.57,0.4,0.6,-0.16,-1.76,0.115
2013-05-01,27.53,1.3,0.58,0.08,-0.24,0.08
2013-06-01,27.3,2.0,0.83,-0.78,-0.35,0.025
2013-07-01,26.91,1.3,0.7,-1.25,-0.71,0.169
2013-08-01,26.47,0.3,1.12,-1.04,-0.06,0.173
2013-09-01,26.54,0.5,0.38,-0.48,0.41,0.233
2013-10-01,26.52,-0.1,-0.88,-0.87,-0.21,0.325
2013-11-01,26.56,1.2,0.81,-0.11,-1.14,0.107
2013-12-01,26.43,0.1,0.79,-0.41,-1.16,0.015
2014-01-01,26.05,2.4,-0.17,0.3,0.59,-0.083
2014-02-01,26.14,0.1,1.07,0.38,-1.57,-0.064
2014-03-01,27.0,-1.5,0.44,0.97,-0.5,-0.103
2014-04-01,27.9,1.3,0.19,1.13,-0.0,-0.116
2014-05-01,28.25,0.9,-0.8,1.8,-0.59,-0.023
2014-06-01,27.96,0.3,-0.67,0.82,-1.44,0.04
2014-07-01,27.23,-0.3,0.21,0.7,0.5,0.2
2014-08-01,26.82,-1.2,-2.28,0.67,1.35,0.313
2014-09-01,27.01,-1.2,1.72,1.08,0.78,0.288
2014-10-01,27.16,-1.0,-0.87,1.49,1.14,0.27
2014-11-01,27.46,-1.5,0.58,1.72,0.64,0.043
2014-12-01,27.31,-0.9,1.63,2.51,0.37,0.037
2015-01-01,27.05,-1.4,1.57,2.45,0.14,-0.03
2015-02-01,27.17,0.4,1.05,2.3,0.49,-0.026
2015-03-01,27.75,-1.2,1.12,2.0,-0.52,-0.151
2015-04-01,28.52,-0.1,0.64,1.44,-0.39,-0.093
2015-05-01,28.85,-1.2,0.19,1.2,-0.05,0.023
2015-06-01,28.9,-0.9,0.24,1.54,-0.07,0.007
2015-07-01,28.75,-1.9,-3.14,1.84,0.29,0.11
2015-08-01,28.79,-2.4,-1.1,1.56,0.05,0.156
2015-09-01,28.93,-2.7,-0.49,1.94,-0.8,0.278
2015-10-01,29.08,-2.8,0.99,1.47,2.12,0.302
2015-11-01,29.42,-0.8,1.7,0.86,-0.2,0.164
2015-12-01,29.26,-0.9,1.99,1.01,0.47,0.207
2016-01-01,29.11,-3.6,-0.37,1.53,1.94,0.209
2016-02-01,29.01,-3.2,1.35,1.75,1.68,0.133
2016-03-01,28.9,-0.1,0.37,2.4,0.41,0.166
2016-04-01,28.72,-2.0,0.26,2.62,0.6,0.155
2016-05-01,28.23,0.7,-0.67,2.35,-0.85,0.322
2016-06-01,27.69,1.1,-0.13,2.03,-0.64,0.387
2016-07-01,26.82,0.7,-1.72,1.25,0.53,0.41
2016-08-01,26.28,1.2,-2.24,0.52,-0.91,0.434
2016-09-01,26.14,2.0,0.74,0.45,0.11,0.435
2016-10-01,25.98,-0.4,0.96,0.56,1.53,0.358
2016-11-01,25.94,-0.2,-0.31,1.88,1.44,0.368
2016-12-01,26.1,0.5,0.35,1.17,-0.65,0.313
2017-01-01,26.12,0.3,0.05,0.77,-0.29,0.203
2017-02-01,26.67,-0.1,0.69,0.7,-0.05,0.204
2017-03-01,27.32,1.5,0.37,0.74,-0.03,0.145
2017-04-01,28.03,-0.3,1.74,1.12,0.14,0.26
2017-05-01,28.3,0.4,-1.72,0.88,-0.19,0.292
2017-06-01,28.06,-0.7,0.35,0.79,1.18,0.285
2017-07-01,27.54,1.3,1.28,0.1,1.33,0.28
2017-08-01,26.7,0.9,-1.53,0.09,0.2,0.287
2017-09-01,26.29,1.0,-0.45,0.32,-0.32,0.328
2017-10-01,26.15,1.5,0.71,0.05,-0.28,0.411
2017-11-01,25.74,1.5,-0.14,0.15,-1.98,0.329
2017-12-01,25.62,-0.2,0.73,0.5,0.58,0.341
2018-01-01,25.57,1.8,1.17,0.7,-0.14,0.15
2018-02-01,25.97,-0.8,1.34,0.37,-1.67,0.04
2018-03-01,26.48,2.4,-1.38,-0.05,-1.16,0.109
2018-04-01,27.31,0.8,1.2,0.11,-1.12,0.041
2018-05-01,27.73,0.6,2.02,0.11,-1.09,-0.023
2018-06-01,27.77,-0.2,1.41,-0.04,0.66,-0.034
2018-07-01,27.42,0.4,1.42,0.11,-0.76,-0.005
2018-08-01,26.94,-0.5,2.4,0.18,1.24,0.09
2018-09-01,27.19,-1.5,1.78,0.09,1.16,0.139
2018-10-01,27.62,0.6,1.53,0.26,0.39,0.121
2018-11-01,27.61,-0.1,-0.25,-0.05,0.22,-0.143
2018-12-01,27.49,1.7,0.48,0.52,0.56,-0.083
2019-01-01,27.19,-0.1,0.18,0.66,0.42,-0.037
2019-02-01,27.46,-2.3,-0.11,0.46,-1.73,0.058
2019-03-01,28.09,-0.5,0.89,0.37,-0.05,0.099
2019-04-01,28.44,0.2,0.36,1.07,-0.84,0.101
2019-05-01,28.48,-0.7,-2.38,1.03,-0.17,0.065
2019-06-01,28.18,-0.7,-0.79,1.09,0.24,0.151
2019-07-01,27.64,-0.6,-1.39,1.03,0.62,0.329
2019-08-01,26.9,-0.2,-1.62,0.38,1.16,0.315
2019-09-01,26.75,-1.9,-0.01,0.41,1.62,0.223
2019-10-01,27.2,-0.6,-1.03,-0.45,-0.97,0.136
2019-11-01,27.22,-1.4,0.16,0.15,-0.07,0.087
2019-12-01,27.12,-0.9,1.02,0.97,-0.12,0.142
2020-01-01,27.15,0.3,1.05,-0.23,-0.95,0.073
2020-02-01,27.12,-0.1,0.98,-0.68,-0.07,0.333
2020-03-01,27.76,-0.2,0.66,-0.82,-2.41,0.346
2020-04-01,28.18,0.3,-1.26,-0.57,-1.38,0.347
2020-05-01,27.66,0.7,-0.33,0.09,0.27,0.243
2020-06-01,27.39,-0.6,0.16,-0.08,0.86,0.249
2020-07-01,26.99,0.7,-1.19,-0.38,1.2,0.341
2020-08-01,26.26,1.8,0.03,-0.28,1.8,0.425
2020-09-01,25.89,1.5,1.11,-0.7,0.59,0.296
2020-10-01,25.46,0.8,-0.2,-0.69,-1.08,0.289
2020-11-01,25.28,1.1,2.54,-1.12,0.21,0.113
2020-12-01,25.44,3.0,-0.37,-0.9,1.28,0.163
2021-01-01,25.55,3.2,-1.8,-0.16,-0.41,0.126
2021-02-01,25.75,2.5,-0.29,-0.54,-0.71,0.139
2021-03-01,26.48,0.6,0.36,-1.17,-1.24,0.112
2021-04-01,27.1,0.6,-1.69,-0.91,-1.26,0.054
2021-05-01,27.47,0.8,-1.1,-0.94,-1.1,0.072
2021-06-01,27.45,0.7,1.08,-1.18,0.82,0.139
2021-07-01,26.9,2.3,0.06,-1.87,0.11,0.21
2021-08-01,26.32,1.0,-0.49,-1.12,0.93,0.245
2021-09-01,26.17,1.3,-0.06,-1.53,0.33,0.402
2021-10-01,25.77,1.2,-1.98,-2.55,1.41,0.475
2021-11-01,25.76,1.6,-0.33,-2.52,0.68,0.445
2021-12-01,25.54,2.5,0.18,-2.0,-2.85,0.252
2022-01-01,25.6,0.8,0.74,-1.24,0.65,0.176
2022-02-01,25.86,1.8,1.46,-1.08,0.58,0.133
2022-03-01,26.31,2.9,0.4,-1.0,-0.16,0.009
2022-04-01,26.7,2.8,-0.54,-1.51,-0.96,0.11
2022-05-01,26.82,2.4,0.71,-1.92,-0.64,0.197
2022-06-01,26.98,2.8,0.19,-1.21,-0.22,0.199
2022-07-01,26.6,1.3,-0.06,-2.86,1.96,0.136
2022-08-01,25.88,1.7,1.76,-1.92,0.76,0.358
2022-09-01,25.65,2.7,-1.42,-1.82,0.13,0.662
2022-10-01,25.73,2.8,-0.27,-1.51,0.35,0.483
2022-11-01,25.8,0.5,0.59,-2.12,-0.71,0.282
2022-12-01,25.75,3.5,-0.22,-1.98,-0.96,0.218
2023-01-01,25.83,2.3,0.95,-0.92,-0.37,0.192
